creationDate|id|firstName|lastName|gender|birthday|locationIP|browserUsed
2016-11-21T03:50:44.734+00:00|8796093022669|Eli|Peretz|female|1989-01-18|41.92.31.35|Internet Explorer
2017-12-23T05:42:40.400+00:00|21990232556071|Steve|Moore|male|1981-08-28|18.250.105.113|Chrome
2018-06-23T03:41:32.077+00:00|26388279066696|Vitor|Martins|female|1988-01-11|84.91.250.127|Internet Explorer
2018-06-12T15:19:10.064+00:00|26388279067359|Nabil|Abdel Fattah|female|1988-07-01|188.123.149.7|Firefox
2018-08-21T12:28:05.611+00:00|28587302323109|Mahinda|Perera|male|1989-12-03|119.235.7.103|Firefox
2016-12-15T16:58:59.724+00:00|10995116278486|Lin|Liu|male|1988-03-03|1.2.62.97|Chrome
2017-10-12T13:36:37.987+00:00|19791209300734|Jun|Wang|female|1987-10-21|1.204.167.114|Firefox
2018-04-28T16:40:20.363+00:00|26388279067476|Karim|Akhmadiyeva|female|1989-10-11|81.17.167.143|Internet Explorer
2016-03-18T10:59:48.206+00:00|2199023256090|Dovid|Linchuk|female|1985-11-30|91.149.144.7|Chrome
2017-01-20T13:44:12.374+00:00|10995116278038|Kurt|Hansen|female|1989-03-08|31.7.191.245|Firefox
2017-10-07T18:18:30.147+00:00|19791209300533|Jose|Silva|male|1980-04-16|157.86.206.70|Chrome
2018-04-13T16:24:59.615+00:00|24189255811160|Chong|Zhang|male|1983-01-20|1.4.40.92|Chrome
2018-02-16T21:00:51.040+00:00|24189255812007|Chipo|Chung|female|1988-10-10|196.46.123.42|Chrome
2018-08-21T08:52:27.924+00:00|28587302322892|George Mamua|Callaghan|male|1982-06-09|202.52.133.32|Chrome
2016-02-17T06:28:08.848+00:00|433|Batong|Do|female|1984-04-18|58.187.48.100|Chrome
2016-03-15T04:03:18.682+00:00|2199023255972|Jie|Li|male|1982-07-21|1.4.37.74|Firefox
2016-06-23T17:02:29.233+00:00|4398046511409|Daouda Malam|Diori|female|1980-11-07|41.203.154.35|Firefox
2016-06-05T07:17:12.250+00:00|4398046511614|Alfredo|Fernandez|male|1983-04-11|200.55.160.217|Internet Explorer
2017-08-25T03:03:14.195+00:00|17592186044575|David|Alonso|female|1985-10-27|31.25.178.135|Internet Explorer
2017-07-31T00:09:11.861+00:00|17592186044985|Fernando|Sumac|female|1983-08-24|190.113.193.10|Firefox
2017-07-16T20:24:34.714+00:00|17592186045346|Gabriel|Barbu|female|1980-11-02|81.24.16.251|Internet Explorer
2017-10-16T06:53:44.371+00:00|19791209300294|Jose|Escobar|female|1986-06-10|66.231.75.230|Firefox
2018-05-12T21:50:53.607+00:00|26388279067180|Zheng|Xu|female|1988-01-15|1.92.70.25|Firefox
2018-08-20T01:19:11.400+00:00|28587302322722|Boris|Basov|female|1984-05-22|31.28.50.190|Firefox
2016-03-25T16:16:29.007+00:00|2199023255572|Yahya Ould Ahmed El|Abdallahi|male|1989-02-28|41.188.97.221|Internet Explorer
2016-10-05T18:20:22.131+00:00|6597069766888|Giovanni|Bianchi|female|1980-09-21|31.194.135.154|Internet Explorer
2017-03-09T01:07:15.152+00:00|13194139534281|Anh|Ha|male|1980-04-08|115.84.183.7|Chrome
2017-05-04T20:57:04.426+00:00|15393162789707|Zhang|Yang|male|1986-03-09|1.2.4.163|Chrome
2017-10-09T12:03:44.551+00:00|19791209300227|Muhammad|Amjad|female|1988-09-27|118.107.128.185|Chrome
2017-10-05T16:35:06.362+00:00|19791209300950|Roberto|Rojas|female|1980-11-30|186.39.189.118|Firefox
2017-12-18T18:12:46.991+00:00|21990232555604|Anatoly|Shevchenko|female|1980-12-23|46.149.107.101|Firefox
2016-01-01T11:41:54.700+00:00|406|Ana|Santos|female|1983-10-29|192.160.50.48|Internet Explorer
2016-02-13T16:50:18.103+00:00|978|Pol|Dara|female|1986-04-25|27.109.114.212|Chrome
2016-09-22T03:26:22.149+00:00|6597069767087|Ali|Lambo|male|1989-06-09|41.190.228.80|Internet Explorer
2017-03-13T06:31:21.105+00:00|13194139533711|Min-Jung|Park|female|1988-05-13|42.18.171.166|Internet Explorer
2017-04-16T06:01:51.950+00:00|13194139533818|Jacques Van Mau|Ha|male|1982-08-30|27.118.20.20|Opera
2018-02-06T01:39:08.933+00:00|21990232556291|Yang|Li|male|1988-02-05|14.135.42.228|Firefox
2017-02-20T23:13:19.493+00:00|10995116277876|John|Khan|male|1983-10-14|59.165.223.95|Safari
2016-12-29T23:20:18.272+00:00|10995116278456|Arjun|Irani|female|1989-09-16|27.34.248.64|Internet Explorer
2018-01-07T18:49:59.615+00:00|21990232556348|Leandro|Silva|female|1980-05-05|192.231.115.208|Chrome
2016-03-15T14:33:04.377+00:00|2199023255747|Amit|Rao|male|1986-04-04|49.128.108.54|Firefox
2017-08-10T09:49:01.541+00:00|17592186044958|Asher|Bahaina|female|1984-08-17|213.55.85.230|Firefox
2017-10-25T08:15:52.724+00:00|19791209300568|Martin|Muller|male|1986-10-26|204.79.128.173|Internet Explorer
2017-12-11T15:10:16.350+00:00|21990232555856|K.|Kumar|female|1982-10-21|49.248.64.177|Chrome
2018-03-27T15:25:55.670+00:00|24189255811545|David|Coetzee|female|1987-04-15|41.198.128.241|Firefox
2018-05-04T06:19:46.521+00:00|26388279066986|Hossein|Kamkar|male|1986-06-05|31.58.202.178|Firefox
2016-07-10T22:31:57.782+00:00|4398046511230|Natalia Barbu|Codreanu|male|1985-10-12|91.211.200.169|Internet Explorer
2018-01-30T14:21:48.721+00:00|21990232555627|Abay Ibrahim|Kanapyanov|female|1981-02-21|195.200.75.16|Firefox
2018-02-07T18:44:16.703+00:00|21990232556373|Rahul|Khan|female|1985-11-06|61.17.43.155|Internet Explorer
2018-08-07T08:34:00.622+00:00|28587302323166|Jun|Liu|female|1981-06-10|14.130.106.24|Opera
2016-04-22T04:39:09.805+00:00|2199023256289|Deepak|Rao|male|1986-07-24|49.128.167.244|Firefox
2016-04-14T20:30:43.924+00:00|2199023256445|Ning|Wang|female|1985-10-30|1.51.52.228|Internet Explorer
2016-09-03T04:57:43.530+00:00|6597069766820|Otto|Muller|male|1981-04-08|31.24.148.126|Firefox
2016-08-15T12:09:41.633+00:00|6597069767472|Lei|Zhao|male|1984-05-09|27.106.140.138|Chrome
2016-11-23T20:23:21.279+00:00|8796093022487|Ching|Hoang|male|1981-10-03|42.113.51.124|Chrome
2017-02-12T12:43:47.323+00:00|10995116278135|Cam|Ho|female|1982-11-08|103.2.228.96|Firefox
2017-03-22T09:03:28.887+00:00|13194139534151|Isabel|Perez|female|1980-09-24|123.108.119.142|Firefox
2018-04-11T10:06:22.622+00:00|24189255811956|Ge|Wang|female|1989-11-08|27.131.223.231|Firefox
2016-03-30T22:17:38.943+00:00|2199023255880|Karim|Bhiari|male|1980-07-03|196.203.101.186|Firefox
2017-04-20T17:11:57.407+00:00|13194139533833|Ebrahim|Forouhar|female|1986-01-22|46.28.77.57|Chrome
2017-06-16T05:42:44.973+00:00|15393162789557|David|Smith|female|1987-02-06|24.49.183.98|Firefox
2017-05-12T05:16:01.047+00:00|15393162789625|Arjun|Sharma|female|1983-07-26|27.48.217.243|Chrome
2018-01-02T19:08:06.442+00:00|21990232555759|Gabriela|Rodriguez|female|1985-02-16|200.8.7.166|Firefox
2018-01-11T21:15:36.413+00:00|21990232556183|Naresh|Singh|male|1983-11-05|27.50.7.3|Firefox
2018-04-10T22:49:53.448+00:00|24189255811557|Mehmet|Tekin|female|1988-01-06|31.25.172.122|Firefox
2016-01-18T15:27:58.250+00:00|555|Chen|Yang|female|1981-11-08|1.4.5.106|Firefox
2016-05-23T19:57:46.521+00:00|4398046511894|Kalu|Bembo-Leta|male|1987-03-11|41.223.189.215|Firefox
2016-06-04T23:50:42.625+00:00|4398046511955|Nikhil|Sharma|female|1984-04-15|27.250.19.130|Chrome
2016-10-26T13:49:39.896+00:00|8796093022441|Anucha|Aguilar|female|1984-08-22|103.22.180.74|Firefox
2016-10-25T18:07:33.671+00:00|8796093022624|Alexandre|Patras|female|1980-02-24|91.216.97.123|Chrome
2017-01-06T06:13:31.640+00:00|10995116277863|Aleksandr|Akhmadiyeva|male|1989-08-23|94.247.130.69|Safari
2017-10-16T20:41:43.170+00:00|19791209300124|Alexander|Eduard|male|1985-01-09|46.227.143.156|Internet Explorer
2017-11-13T03:19:16.434+00:00|19791209300913|Emperor of Brazil|Machado|female|1987-11-18|192.207.200.111|Internet Explorer
2018-01-27T00:49:01.113+00:00|21990232555668|Chen|Yang|female|1988-08-24|14.158.97.211|Firefox
2018-04-05T02:57:49.442+00:00|24189255811575|Fali Sam|Law-Yone|male|1981-04-21|203.81.86.80|Firefox
2016-04-09T02:01:21.305+00:00|2199023255583|Otto|Richter|male|1982-11-12|31.24.100.159|Firefox
2016-06-22T08:48:35.041+00:00|4398046511154|Alec|Lin|female|1983-01-03|114.198.185.178|Firefox
2016-08-26T13:08:40.527+00:00|6597069767366|Alec|Chen|female|1986-11-10|49.128.116.224|Firefox
2016-12-15T02:55:29.026+00:00|8796093022450|R.|Chopra|female|1980-04-13|61.95.253.122|Firefox
2016-12-12T08:08:28.259+00:00|8796093022855|Angel|Gerima|male|1985-03-25|213.55.116.113|Firefox
2017-04-23T04:08:17.816+00:00|13194139533313|Evangelos|Alkaios|male|1987-02-05|91.223.132.248|Internet Explorer
2018-04-29T01:10:56.288+00:00|26388279066835|Georgios|Angello|female|1988-08-29|91.198.108.36|Chrome
2018-07-19T06:10:25.388+00:00|28587302322365|Ge|Chen|female|1986-06-15|1.185.175.77|Chrome
2018-07-12T13:04:48.042+00:00|28587302322510|Cesar|Ha|male|1983-06-25|61.28.228.137|Firefox
2016-04-26T21:04:03.027+00:00|2199023255947|Carlos|Araujo|female|1980-10-13|152.92.50.216|Safari
2016-05-01T03:52:59.836+00:00|2199023256210|Arjun|Singh|female|1988-10-15|27.5.116.14|Firefox
2016-06-05T12:04:45.821+00:00|4398046511288|Don|Ho|female|1980-09-27|42.1.78.179|Firefox
2016-07-27T06:07:55.921+00:00|4398046511707|Jun|Ito|female|1983-06-19|27.118.2.33|Chrome
2016-06-29T19:01:09.788+00:00|4398046511852|Dith|Sisamouth|male|1981-03-09|202.58.96.247|Chrome
2017-04-07T00:36:06.251+00:00|13194139533432|Adriaen|Jong|female|1986-03-16|192.101.114.88|Opera
2017-09-12T07:34:11.205+00:00|17592186045226|Wei|Liu|female|1982-06-27|1.1.3.8|Firefox
2018-04-10T03:46:35.855+00:00|24189255811866|Michael|Zheng|male|1989-11-03|27.106.205.34|Firefox
2018-04-28T23:14:54.331+00:00|26388279066839|Ganesh|Bombo|female|1988-01-13|116.66.192.252|Internet Explorer
2018-05-04T12:14:57.547+00:00|26388279066932|Karl|Muller|female|1980-05-29|53.25.144.238|Internet Explorer
2016-01-12T09:00:01.449+00:00|60|Paul|Becker|female|1990-01-10|46.18.61.189|Opera
2016-03-17T11:25:13.967+00:00|2199023256291|Abdul Hameed|Malik|male|1987-04-30|110.37.44.123|Chrome
2017-02-10T23:24:17.392+00:00|10995116278177|Hao|Li|male|1986-09-16|1.4.39.159|Chrome
2017-12-10T12:16:59.037+00:00|21990232556102|Luis|Reyes|male|1980-08-19|27.106.219.14|Firefox
2018-03-21T12:04:32.754+00:00|24189255811729|Paulo|Nascimento|female|1982-03-20|164.85.226.26|Internet Explorer
2018-06-23T20:30:06.197+00:00|26388279067435|Cesar|Gonzales|male|1981-08-11|114.141.217.192|Firefox
2018-09-02T05:32:36.997+00:00|28587302322372|Zsolt|Kiss|female|1982-03-05|82.150.47.191|Firefox
2018-08-19T06:45:07.888+00:00|28587302322654|Andrei|Makarova|male|1989-03-10|31.180.213.105|Firefox
2016-07-27T04:27:50.398+00:00|4398046511502|Jacques|Ferrer|male|1981-08-22|80.246.15.78|Firefox
2016-09-20T18:53:50.698+00:00|6597069767312|Jun|Zhao|female|1982-01-09|1.4.15.147|Firefox
2017-12-30T03:32:43.704+00:00|21990232556082|Andre|Martens|male|1985-10-21|84.17.142.22|Firefox
2018-03-29T04:19:13.504+00:00|24189255811498|Isabel|Reyes|female|1986-07-26|116.68.181.192|Firefox
2018-02-08T11:43:03.021+00:00|24189255811998|Zhong|Wu|female|1980-10-01|1.4.1.105|Firefox
2018-06-01T16:32:00.161+00:00|26388279066732|Ruby|Thapa|female|1982-09-06|116.66.199.78|Opera
2016-01-17T13:12:45.040+00:00|432|Hiroshi|Suzuki|male|1982-11-30|27.50.127.243|Safari
2016-03-14T09:34:42.426+00:00|2199023255566|Hossein|Forouhar|male|1984-04-11|77.245.239.11|Firefox
2016-09-11T21:30:35.275+00:00|6597069767580|Naresh|Singh|male|1988-01-28|14.102.167.73|Internet Explorer
2016-12-10T12:00:30.657+00:00|8796093022610|Rahul|Chatterjee|female|1986-11-20|14.141.242.182|Chrome
2017-05-19T21:55:12.886+00:00|15393162789233|Yang|Lei|male|1985-06-17|1.1.55.29|Firefox
2017-11-19T13:02:16.941+00:00|19791209300202|David|Wilson|female|1984-06-27|121.98.5.151|Internet Explorer
2018-03-14T04:38:34.675+00:00|24189255811954|Mohammad Ali|Hosseini|female|1988-07-29|85.185.144.62|Internet Explorer
2018-04-25T06:07:25.265+00:00|26388279067164|Jie|Li|male|1980-07-27|14.197.112.217|Firefox
2016-03-07T06:43:43.502+00:00|597|Hao|Zhu|male|1983-03-12|27.115.66.212|Opera
2017-02-21T22:44:39.540+00:00|10995116278671|Arjun|Nair|female|1987-10-08|49.238.42.244|Internet Explorer
2017-11-18T22:56:17.784+00:00|19791209300307|André|Abdelli|female|1983-04-02|197.141.112.182|Firefox
2017-10-11T00:13:27.905+00:00|19791209300692|K.|Khan|female|1988-02-06|27.34.241.235|Chrome
2016-02-03T14:35:17.724+00:00|721|Priyanka|Khan|female|1980-12-20|27.100.14.124|Safari
2016-01-28T06:39:58.781+00:00|902|Hao|Liu|male|1981-02-06|1.10.8.104|Chrome
2017-04-28T00:48:59.214+00:00|13194139533945|Jie|Wang|male|1980-04-21|14.16.212.117|Opera
2017-11-05T03:49:47.222+00:00|19791209300053|Hao|Li|male|1985-12-26|14.103.173.183|Internet Explorer
2017-12-16T13:53:10.061+00:00|21990232556166|Kunal|Reddy|male|1990-01-19|14.139.235.29|Firefox
2018-05-23T08:47:54.848+00:00|26388279067031|Gregorio|Manalo|male|1982-10-28|27.126.153.181|Chrome
2016-08-09T15:27:37.318+00:00|6597069767074|A.|Sharma|female|1981-04-20|27.97.97.82|Chrome
2017-05-20T15:24:08.253+00:00|15393162789047|Kiyoshi|Nakamura|female|1988-02-26|27.100.33.2|Firefox
2017-11-29T08:39:41.458+00:00|19791209300169|Anna|Kofler|female|1980-09-23|46.149.48.228|Firefox
2018-06-12T02:17:41.784+00:00|26388279067231|Lei|Chen|male|1986-10-18|1.94.191.85|Chrome
2016-02-14T22:31:24.559+00:00|987|Ali|Diori|male|1983-08-31|41.138.47.146|Chrome
2016-11-21T00:50:41.871+00:00|8796093022310|Philibert|Roindefo|female|1987-05-09|41.204.102.171|Safari
2016-11-05T00:01:09.300+00:00|8796093022859|Abdul Ghani|Qaderi|male|1980-03-21|111.125.159.140|Chrome
2016-11-05T15:39:08.539+00:00|8796093023027|Gisela|Sumac|female|1988-10-04|200.4.252.31|Firefox
2018-01-31T23:41:36.742+00:00|21990232555802|Nirina|Simon|male|1985-01-15|41.77.16.61|Firefox
2018-08-12T16:52:06.183+00:00|28587302322539|Ahmed|Abdul Hamid|male|1988-08-17|196.1.143.58|Chrome
2018-09-03T11:34:31.623+00:00|28587302322921|K.|Reddy|female|1986-12-22|49.12.4.112|Internet Explorer
2016-05-07T23:36:00.256+00:00|2199023255807|Otto|Engel|male|1985-09-11|204.79.168.46|Chrome
2016-09-04T01:44:47.040+00:00|6597069767121|Lin|Zhu|male|1980-05-30|27.54.192.196|Firefox
2016-12-26T10:41:08.857+00:00|10995116278594|Abdul Haris|Balawan|female|1983-09-22|103.4.54.37|Internet Explorer
2017-03-12T16:47:18.987+00:00|13194139533337|Luigi|Colombo|male|1986-11-21|31.171.137.117|Internet Explorer
2017-03-30T01:22:31.903+00:00|13194139533849|Ajuma Nasenyana|Brar|male|1988-06-06|41.90.120.201|Chrome
2017-06-14T07:26:21.727+00:00|15393162789857|Ning|Zhang|female|1988-02-24|1.45.43.8|Internet Explorer
2017-07-31T08:39:24.015+00:00|17592186045386|Zhong|Yang|female|1983-02-03|1.189.224.120|Firefox
2018-06-13T08:36:54.362+00:00|26388279067007|Carlo|Manalo|male|1988-09-28|122.144.64.128|Firefox
2018-07-11T16:06:29.575+00:00|28587302322909|Claribel|Zuniga|male|1981-04-03|192.136.43.79|Firefox
2018-08-13T21:03:33.481+00:00|28587302323084|David|Adhia|female|1987-10-28|41.223.4.19|Internet Explorer
2016-02-03T05:28:00.627+00:00|365|Hao|Zhou|male|1981-09-08|1.206.253.136|Chrome
2016-11-06T12:02:35.341+00:00|8796093022647|Alfred Sorongo|Leakey|male|1984-01-07|213.147.86.249|Firefox
2017-02-03T07:35:43.702+00:00|10995116277935|Bichang|Li|male|1990-01-22|1.1.0.104|Firefox
2017-03-04T16:13:51.764+00:00|13194139533689|Adam|Supinyo|male|1985-10-24|115.178.56.21|Firefox
2017-07-05T13:56:17.471+00:00|15393162789565|Mee|Vang|female|1985-07-30|203.110.79.19|Firefox
2017-08-26T20:17:40.911+00:00|17592186044805|Jose|Gonzalez|male|1985-07-14|148.240.49.231|Firefox
2018-01-27T13:32:15.083+00:00|21990232556109|Warwick Raymond|Akerman|male|1987-08-23|119.252.235.38|Chrome
2018-05-29T06:07:22.706+00:00|26388279067298|Louisa|Adhia|female|1980-05-11|41.216.216.126|Chrome
2018-06-25T01:11:38.663+00:00|26388279067595|Michael|Zhao|male|1984-06-28|27.98.243.89|Firefox
2017-04-24T08:04:38.732+00:00|13194139534202|Aa Ngurah|Gallagher|male|1989-08-27|36.95.74.186|Chrome
2017-11-21T21:12:07.740+00:00|19791209300034|Deepak|Khan|male|1980-11-10|49.12.225.25|Chrome
2018-01-08T01:45:03.194+00:00|21990232556150|Camila|Alves|female|1987-06-06|143.108.178.52|Chrome
2018-03-05T00:51:55.955+00:00|24189255811930|Gyula|Kovacs|female|1987-04-23|86.101.253.253|Chrome
2018-06-05T19:57:18.907+00:00|26388279066716|Abdoulaye Khouma|Dia|male|1986-08-17|196.1.98.62|Firefox
2018-08-28T11:08:12.277+00:00|28587302322494|Claude|Radafison|female|1989-04-17|41.188.54.178|Internet Explorer
2016-01-23T04:28:08.627+00:00|840|Alfonso|Rodriguez|female|1983-02-01|189.201.247.33|Firefox
2016-11-09T02:41:05.438+00:00|8796093022933|Allister|Miller|male|1988-02-11|196.28.7.94|Firefox
2018-01-03T23:52:52.608+00:00|21990232555786|Per|Persson|male|1988-04-29|31.13.8.222|Chrome
2018-02-13T10:52:07.869+00:00|24189255811150|Tamas|Gabor|male|1988-08-29|81.93.203.7|Internet Explorer
2016-10-19T13:44:13.287+00:00|8796093022266|Amy|Chen|female|1985-11-07|117.53.155.216|Chrome
2017-04-08T14:04:02.718+00:00|13194139533349|Wei|Wei|female|1985-03-14|27.112.88.106|Internet Explorer
2017-10-29T03:42:11.684+00:00|19791209300382|Deepak|Reddy|male|1986-07-21|27.116.22.98|Chrome
2017-10-17T21:34:58.320+00:00|19791209300442|Arjun|Anand|female|1982-05-10|61.17.72.85|Firefox
2017-12-14T17:06:40.143+00:00|21990232555791|Hans|Richter|male|1983-10-30|31.24.100.181|Internet Explorer
2018-03-04T04:07:52.732+00:00|24189255811189|Tom|Cauvin|male|1983-08-31|31.12.67.140|Firefox
2016-12-01T20:07:21.215+00:00|8796093022954|Donald|Law-Yone|female|1982-12-16|203.81.81.253|Firefox
2017-02-17T23:50:48.435+00:00|10995116278743|Aad De|Bos|female|1983-12-28|46.249.37.192|Firefox
2017-09-04T08:36:40.592+00:00|17592186044911|Wei|Zhu|female|1989-08-31|1.4.15.131|Internet Explorer
2018-01-04T02:50:12.762+00:00|21990232556209|Michael|Brown|female|1990-01-16|24.50.136.129|Firefox
2018-02-15T12:22:26.183+00:00|24189255811146|Arjun|Singh|female|1983-08-08|59.162.122.243|Firefox
2018-03-01T23:03:53.326+00:00|24189255811315|Cengiz|Yildiz|male|1982-07-31|46.254.48.62|Firefox
2017-03-27T14:37:27.308+00:00|13194139534020|Anders|Andersson|female|1980-08-27|46.183.31.59|Safari
2018-06-05T16:28:47.356+00:00|26388279067299|Roger|Jones|male|1981-03-22|204.79.203.158|Internet Explorer
2018-05-09T14:45:17.134+00:00|26388279067538|Pedro|Oliveira|male|1986-07-11|193.176.0.181|Internet Explorer
2018-07-08T08:09:58.490+00:00|28587302322247|Albaye Papa|Diouf|female|1983-01-18|196.1.99.249|Internet Explorer
2018-07-10T03:04:16.051+00:00|28587302323143|Isabel|Fernandez|female|1988-02-20|1.37.3.210|Opera
2016-02-23T12:49:18.032+00:00|193|Li|Zhang|female|1986-05-26|1.202.167.179|Safari
2017-03-29T08:02:05.041+00:00|13194139533764|Wei|Huang|female|1981-05-15|1.2.8.85|Firefox
2018-06-18T21:28:14.967+00:00|26388279066892|Aleksandr|Bajt|male|1981-08-13|91.147.89.205|Firefox
2018-07-21T03:02:33.438+00:00|28587302323138|Jun|Zhu|female|1989-05-30|1.1.22.34|Internet Explorer
2018-09-13T03:34:28.215+00:00|30786325577910|Abdullah|Koksal|male|1989-03-09|46.31.114.181|Chrome
2016-02-25T21:33:30.197+00:00|947|Madan Krishna|Koirala|male|1987-09-26|116.197.165.87|Chrome
2016-04-12T01:46:51.257+00:00|2199023256102|George|Kiss|female|1987-09-02|82.144.189.139|Chrome
2016-12-14T17:39:42.338+00:00|8796093022898|Dith|Chau|male|1981-11-18|202.8.75.0|Firefox
2017-01-11T04:35:18.195+00:00|10995116278201|Jun|Li|female|1987-04-20|27.50.46.217|Firefox
2017-04-27T22:16:43.563+00:00|13194139533444|Angel|Barre|male|1981-11-12|213.55.88.150|Safari
2018-01-03T10:38:08.302+00:00|21990232556105|Cheng|Yu|male|1985-06-27|1.4.1.11|Firefox
2018-04-15T09:26:58.606+00:00|24189255811561|Ali|Leakey|female|1985-03-13|41.75.155.245|Internet Explorer
2018-04-19T06:44:54.067+00:00|26388279067009|Abhishek|Khan|male|1980-05-10|14.139.235.163|Firefox
2016-02-23T06:34:49.797+00:00|284|Jack|Ellis|female|1981-10-30|31.118.204.199|Chrome
2016-03-03T16:06:57.468+00:00|490|R.|Khan|female|1983-08-26|27.96.85.34|Firefox
2017-02-08T08:18:10.642+00:00|10995116278645|Rudolf|Engel|male|1981-08-25|204.79.199.255|Internet Explorer
2017-06-29T20:08:46.467+00:00|15393162789789|Juan Carlos|Alvarez|male|1981-06-21|186.124.241.164|Firefox
2017-09-18T09:13:23.694+00:00|17592186045150|Jun|Chen|female|1983-12-01|1.4.4.25|Firefox
2018-03-14T15:06:16.893+00:00|24189255811077|Eric|Mettacara|male|1989-09-05|203.215.63.48|Firefox
2018-07-01T05:59:59.795+00:00|28587302322667|Jose|Santos|male|1987-10-12|164.41.56.125|Firefox
2017-05-23T04:12:20.514+00:00|15393162789361|Nitin|Khan|male|1982-03-19|49.13.207.248|Chrome
2017-05-16T07:47:39.260+00:00|15393162789623|Ernest B|Karat|female|1987-10-24|122.248.107.11|Internet Explorer
2017-08-06T19:55:38.974+00:00|17592186044899|Frank|Anderson|male|1989-06-02|14.137.26.183|Chrome
2017-09-01T02:34:39.368+00:00|17592186044938|Abhishek|Singh|male|1982-04-18|101.217.54.19|Internet Explorer
2017-11-10T17:05:21.349+00:00|19791209300086|Rene|Arnaud|female|1980-07-13|46.165.110.118|Internet Explorer
2018-03-24T15:55:06.909+00:00|24189255811961|Aaron|Reyes|male|1981-12-10|123.136.77.165|Firefox
2018-09-04T05:29:33.453+00:00|28587302322200|Jie|Yang|male|1980-12-29|27.98.220.136|Firefox
2016-02-13T10:00:06.319+00:00|976|A.|Khan|female|1987-09-10|27.123.96.50|Firefox
2016-12-19T11:13:05.269+00:00|10995116277957|Claudia|Baya|male|1985-03-12|192.68.138.33|Chrome
2017-04-11T03:34:34.190+00:00|13194139533996|Chi|He|male|1987-09-21|14.106.234.179|Opera
2017-08-31T08:49:11.999+00:00|17592186044571|Bacary|Diop|male|1989-07-25|196.1.94.79|Firefox
2017-08-29T22:40:45.219+00:00|17592186044861|Ahmad|Mirza|female|1983-10-29|89.165.53.200|Internet Explorer
2017-12-13T18:36:07.317+00:00|21990232555607|Deepak|Singh|male|1980-05-09|14.139.15.49|Opera
2018-09-05T09:24:17.069+00:00|28587302322265|Joseph|Sharma|male|1983-11-20|59.185.71.114|Firefox
2016-11-05T09:29:38.416+00:00|8796093023144|Eugene|Ravalomanana|female|1980-09-08|196.43.214.8|Internet Explorer
2017-01-29T14:17:36.319+00:00|10995116278534|Mpeti|Kanam|male|1981-01-23|41.76.138.89|Firefox
2017-06-17T00:23:38.963+00:00|15393162789228|Ashley|Carr|male|1989-03-24|41.78.29.9|Chrome
2017-05-16T17:58:08.314+00:00|15393162789581|Shweta|Rao|male|1981-12-06|103.1.81.220|Chrome
2017-08-10T23:45:03.323+00:00|17592186045362|Amit|Singh|male|1986-08-31|101.209.151.210|Firefox
2017-10-29T10:37:44.777+00:00|19791209299985|Almira|Patras|female|1983-06-28|193.104.227.215|Internet Explorer
2017-12-19T22:35:48.323+00:00|21990232556395|John|Chatterjee|male|1985-04-29|14.1.98.253|Internet Explorer
2016-02-15T18:49:03.768+00:00|262|Benhalima|Ferrer|male|1986-09-25|41.209.166.97|Safari
2016-01-27T12:45:36.698+00:00|331|Mohamed|Hassan|female|1988-02-24|62.68.248.84|Firefox
2016-09-20T12:37:11.481+00:00|6597069767038|Geremi Sorele Njitap|Anderson|male|1983-06-06|41.205.68.74|Firefox
2017-04-11T13:00:29.335+00:00|13194139533612|Priyanka|Khan|female|1983-03-09|27.116.20.163|Firefox
2017-04-14T09:02:54.358+00:00|13194139533791|Rodrigo|Balmaceda|female|1986-10-12|190.108.133.151|Chrome
2017-07-05T02:29:06.267+00:00|15393162789304|Jimmy|Simon|male|1988-04-23|41.190.239.81|Firefox
2017-07-22T14:33:51.896+00:00|17592186044704|Ali|Karimi|male|1982-10-30|81.31.176.158|Chrome
2017-11-19T17:42:23.624+00:00|19791209300621|Abraham|Wilby|male|1982-01-08|61.4.78.42|Internet Explorer
2018-04-08T11:47:54.301+00:00|24189255811094|Ken|Yamada|male|1986-11-12|27.122.45.252|Internet Explorer
2018-05-17T00:34:58.958+00:00|26388279066949|Pavel|Redl|female|1982-08-17|46.28.105.56|Firefox
2018-09-04T10:03:02.485+00:00|28587302322760|Kirill|Ivanov|male|1985-07-19|31.40.9.69|Internet Explorer
2016-02-01T11:06:45.758+00:00|454|Fritz|Richter|female|1984-11-15|31.170.104.16|Firefox
2017-02-20T09:41:19.023+00:00|10995116277879|Jie|Yang|male|1983-07-03|1.4.5.93|Internet Explorer
2017-09-02T17:19:21.733+00:00|17592186045066|Arun|Singh|female|1981-12-01|27.97.88.171|Firefox
2017-10-22T01:08:51.008+00:00|19791209300371|Chen|Wang|female|1982-11-28|27.98.215.42|Chrome
2018-09-11T20:22:09.141+00:00|30786325578366|Alexander|Basov|male|1983-11-27|31.177.111.59|Chrome
2016-01-16T00:32:01.800+00:00|605|Alfred|Mulder|male|1981-01-31|204.79.251.163|Internet Explorer
2016-06-14T16:12:27.038+00:00|4398046511783|Zhang|Wei|male|1982-10-04|27.112.89.16|Firefox
2016-08-25T15:44:58.033+00:00|6597069766965|Mahinda|De Silva|male|1985-09-30|203.34.116.41|Chrome
2016-12-12T13:23:09.856+00:00|8796093022493|Richard|Newton|male|1984-06-18|14.128.59.6|Chrome
2017-06-07T17:50:47.884+00:00|15393162788958|K.|Sen|female|1980-08-16|61.247.235.24|Firefox
2017-06-20T02:08:24.877+00:00|15393162789691|Nedeljko Bajić|Mikulic|female|1986-02-17|46.239.28.214|Internet Explorer
2017-09-01T22:31:25.900+00:00|17592186044425|Alim|Guliyev|female|1984-11-07|91.191.192.127|Firefox
2017-08-25T13:26:47.597+00:00|17592186044771|Alex Obanda|Ngoche|female|1986-08-28|41.190.255.132|Chrome
2017-07-18T12:50:47.813+00:00|17592186044908|Ge|Wei|female|1988-08-19|1.4.5.196|Internet Explorer
2017-10-04T06:53:29.125+00:00|19791209300147|Wei|Chen|female|1983-11-24|27.34.236.210|Safari
2017-10-30T10:16:45.025+00:00|19791209300391|Alexandr|Akhmadiyeva|female|1984-02-12|93.190.10.197|Internet Explorer
2017-12-08T21:55:15.379+00:00|21990232555973|R.|Babu|female|1986-07-20|59.144.206.3|Firefox
2018-08-24T20:57:07.030+00:00|28587302322192|Jan|Zakrzewski|female|1986-08-05|31.41.169.140|Chrome
2016-10-04T01:17:04.151+00:00|6597069767187|Karl|Muller|female|1985-11-03|46.16.217.105|Chrome
2016-08-25T19:07:23.451+00:00|6597069767336|Boy|Santos|male|1985-08-31|113.212.182.14|Firefox
2017-02-13T09:59:28.113+00:00|10995116278708|Jana|Kerndlova|female|1984-10-02|31.186.185.67|Firefox
2017-09-05T15:32:55.462+00:00|17592186044745|Chipo|Malecela|female|1980-08-05|41.59.100.18|Firefox
2018-04-03T23:48:20.278+00:00|24189255811105|Ali|Ferrer|female|1981-06-30|41.223.177.12|Safari
2018-05-26T13:17:05.166+00:00|26388279066869|Sam|Hsu|female|1982-04-22|111.254.193.179|Firefox
2018-07-12T14:27:43.364+00:00|28587302322896|Hao|Zhu|male|1989-03-15|27.47.132.92|Firefox
2016-03-30T05:15:58.054+00:00|2199023256267|John|Sharma|male|1988-07-17|27.100.13.97|Chrome
2016-11-12T01:22:27.656+00:00|8796093022244|John|Reddy|male|1986-09-28|61.16.136.118|Chrome
2016-10-30T05:21:51.451+00:00|8796093023044|Celso|Nascimento|male|1987-11-11|150.163.117.12|Firefox
2016-10-27T20:09:11.255+00:00|8796093023174|Karl|Kurková|male|1988-07-14|31.129.37.0|Chrome
2018-01-08T10:31:34.773+00:00|21990232555719|Ahsan|Baloch|male|1980-11-21|202.154.252.133|Firefox
2017-12-30T19:06:57.054+00:00|21990232555806|Mirza Kalich|Ahmed|male|1982-01-08|110.38.100.178|Chrome
2017-12-01T05:48:23.174+00:00|21990232556091|Christopher|Bikoula|male|1988-10-30|41.190.226.100|Opera
2018-01-11T08:21:00.854+00:00|21990232556197|Aamer|Ahmed|male|1984-12-08|202.63.195.191|Internet Explorer
2018-02-14T09:06:43.889+00:00|24189255811281|Peng|Chen|female|1987-09-16|14.197.227.220|Firefox
2018-05-05T22:28:53.866+00:00|26388279067173|Bich Phuong|Ho|male|1981-05-29|103.3.248.121|Firefox
2018-09-05T11:56:08.697+00:00|28587302322395|Rudolf|Becker|male|1982-04-16|31.220.137.196|Chrome
2016-04-22T13:56:59.601+00:00|2199023256150|Anh|Ho|male|1981-10-13|120.72.84.21|Safari
2016-09-14T22:25:58.103+00:00|6597069767009|Zheng|Zhu|female|1988-09-02|1.48.73.91|Firefox
2016-09-25T19:38:52.026+00:00|6597069767441|Basanta|Shrestha|male|1989-01-13|118.91.166.42|Internet Explorer
2017-05-29T18:27:52.042+00:00|15393162789321|Eugenia|Popov|male|1985-11-08|31.172.135.117|Firefox
2017-12-29T01:24:57.459+00:00|21990232556403|Yang|Zhu|male|1980-07-12|1.203.42.172|Firefox
2018-03-30T09:23:38.959+00:00|24189255811531|Jharana Bajracharya Rashid|Shrestha|female|1985-12-24|27.50.9.57|Opera
2018-09-09T04:49:23.320+00:00|30786325578680|Yasir|Ahsan|male|1986-04-22|202.142.177.126|Chrome
2018-09-06T13:16:52.096+00:00|30786325578689|Constantin|David|female|1987-04-02|31.131.46.179|Chrome
2016-08-04T00:00:13.018+00:00|6597069767502|A.|Kapoor|female|1984-11-29|101.2.5.126|Firefox
2016-12-23T11:21:02.995+00:00|10995116278144|Ali|Hasanov|male|1982-05-25|89.147.211.122|Internet Explorer
2017-05-10T21:48:27.531+00:00|15393162788977|Abhishek|Singh|male|1983-01-07|61.95.201.3|Internet Explorer
2017-09-22T15:29:39.686+00:00|19791209300131|Albert|Mahmoud|male|1987-11-10|80.75.167.208|Firefox
2018-04-11T03:59:49.962+00:00|24189255811897|Binh|Nguyen|male|1987-04-22|103.3.252.6|Firefox
2018-08-27T16:56:20.691+00:00|28587302322928|Albert|Buysse|female|1981-05-30|46.182.194.26|Firefox
2016-06-18T03:31:25.359+00:00|4398046511341|Hao|Wang|male|1984-02-27|1.10.9.193|Chrome
2016-08-17T19:20:17.520+00:00|6597069767513|Ayesha|Butt|male|1983-10-30|175.107.46.68|Firefox
2017-01-29T21:29:35.343+00:00|10995116278010|Rahul|Kumar|female|1983-10-08|59.164.26.244|Internet Explorer
2017-01-19T02:30:46.810+00:00|10995116278673|Adam|Jasani|female|1987-11-15|41.217.223.110|Firefox
2017-09-13T14:04:22.167+00:00|17592186045022|Roberto|Donati|male|1988-04-01|31.185.97.215|Firefox
2017-08-05T10:46:30.080+00:00|17592186045270|Yang|Li|male|1987-09-17|1.51.209.130|Firefox
2017-09-23T23:05:57.746+00:00|19791209300443|Kirill|Golovin|male|1982-06-12|31.22.11.56|Internet Explorer
2018-01-24T10:32:33.688+00:00|21990232556249|Barbara Kanam|Omonga|female|1983-05-29|41.75.71.159|Chrome
2018-02-19T11:50:22.506+00:00|24189255811864|Peng|Zhang|female|1989-05-29|1.202.204.190|Chrome
2018-06-02T23:15:09.400+00:00|26388279066771|Priyanka|Singh|female|1981-04-27|61.95.208.7|Firefox
2018-07-10T18:59:55.285+00:00|28587302322753|Seyni|Diori|male|1987-12-28|41.203.140.201|Firefox
2016-06-28T05:46:25.424+00:00|4398046511407|Norodom|Chau|male|1986-01-06|27.111.10.98|Firefox
2017-07-30T00:53:43.370+00:00|17592186044461|Ali|Abouba|male|1987-06-29|41.203.147.168|Internet Explorer
2017-07-23T16:19:17.261+00:00|17592186044730|John|Garcia|male|1983-01-07|121.127.18.252|Firefox
2018-02-03T15:49:00.995+00:00|21990232556175|Joseph|Singh|male|1982-11-27|27.107.7.101|Chrome
2018-03-06T06:04:00.926+00:00|24189255811182|John|Johnson|male|1988-06-03|60.254.187.1|Internet Explorer
2018-02-23T19:51:00.751+00:00|24189255811275|Lin|Lei|male|1985-02-28|14.103.82.226|Firefox
2018-02-20T04:29:25.576+00:00|24189255811446|Ricardo|Alves|male|1982-03-26|170.66.246.173|Chrome
2018-08-13T23:09:33.886+00:00|28587302322691|Faisal|Ahmed|male|1981-04-09|39.45.224.230|Firefox
2016-05-05T12:33:42.680+00:00|2199023256411|Aditya|Khan|female|1985-12-14|27.50.4.77|Chrome
2016-11-18T10:20:25.650+00:00|8796093022989|Joan|Martinez|female|1983-08-10|31.131.176.58|Internet Explorer
2017-05-29T20:18:51.637+00:00|15393162789529|K.|Khan|female|1989-10-06|49.47.10.32|Chrome
2017-08-31T15:51:35.419+00:00|17592186044708|Ahmad Shah|Aman|female|1983-08-28|180.222.142.26|Internet Explorer
2017-09-28T08:33:31.629+00:00|19791209300549|Jorge|Rodriguez|female|1988-10-16|190.6.168.130|Internet Explorer
2018-02-06T05:02:28.670+00:00|21990232556362|Sanjay|Singh|male|1985-02-02|61.17.182.142|Firefox
2018-02-28T22:53:10.672+00:00|24189255811884|Stefan|Popescu|female|1988-06-15|87.239.161.224|Firefox
2018-05-20T15:13:22.071+00:00|26388279067421|Wei|Zhang|female|1989-06-12|27.109.38.233|Firefox
2018-07-26T21:24:22.384+00:00|28587302322848|Annemarie|Bos|female|1981-07-24|31.3.99.114|Internet Explorer
2016-03-02T05:26:52.655+00:00|621|Hoang Yen|Ha|female|1982-12-12|103.10.89.50|Chrome
2016-04-13T10:19:59.510+00:00|2199023255875|Abdoulatifou|Aly|male|1982-08-12|41.204.115.217|Internet Explorer
2016-07-06T12:14:24.113+00:00|4398046511157|Babar|Khan|female|1986-05-08|101.50.94.220|Firefox
2017-09-06T18:44:23.981+00:00|17592186045130|Shweta|Rao|male|1980-05-02|61.16.209.247|Chrome
2018-02-02T02:02:43.417+00:00|21990232555764|Patricia|Alvarez|male|1982-02-14|200.1.162.132|Firefox
2018-01-01T10:42:05.742+00:00|21990232556218|Daniil|Basov|male|1989-09-03|31.220.188.168|Firefox
2018-01-25T00:21:44.737+00:00|21990232556427|Alejandro|Enriquez|female|1987-08-06|190.8.74.15|Firefox
2018-04-26T13:33:42.515+00:00|26388279067101|Ken|Sato|male|1985-08-16|14.192.58.170|Firefox
2016-04-29T22:42:15.801+00:00|2199023256384|Richard|Jones|male|1985-02-04|203.144.56.205|Internet Explorer
2016-12-11T00:51:38.829+00:00|8796093023087|Yang|Chen|male|1983-05-19|27.113.187.245|Chrome
2017-03-28T19:50:59.992+00:00|13194139533576|Nils|Johansson|male|1987-12-19|46.28.146.228|Internet Explorer
2018-01-17T11:23:49.791+00:00|21990232556064|Jose|Cruz|female|1989-04-12|123.242.203.109|Chrome
2018-01-03T00:06:46.913+00:00|21990232556184|Ajuma Nasenyana|Ngoche|male|1989-07-19|41.222.126.45|Internet Explorer
2018-03-12T17:58:49.605+00:00|24189255811995|Bakhytzan|Aab|female|1983-04-29|95.141.140.193|Firefox
2016-05-19T00:10:23.237+00:00|2199023255822|Yehia|Aziz|female|1981-04-06|41.44.112.185|Chrome
2016-03-24T23:24:22.201+00:00|2199023256111|Shweta|Sharma|male|1984-03-19|27.123.216.51|Chrome
2016-05-29T21:40:23.776+00:00|4398046512090|Howard|Nguyen|male|1985-04-16|119.18.137.50|Firefox
2016-09-16T15:23:33.716+00:00|6597069767464|Shweta|Sharma|male|1985-06-11|59.162.10.129|Internet Explorer
2016-10-18T20:13:22.411+00:00|8796093022541|Georgios|Angello|female|1988-06-11|87.101.93.213|Opera
2016-12-07T10:29:35.515+00:00|8796093022843|Ge|Hu|female|1983-07-20|1.57.11.245|Chrome
2017-01-28T19:32:11.397+00:00|10995116278574|George|Antoniou|female|1985-08-13|91.138.134.131|Internet Explorer
2016-12-19T13:08:58.597+00:00|10995116278629|Chris|Budjana|female|1982-09-10|103.3.44.217|Firefox
2017-11-28T02:57:04.311+00:00|19791209300860|Amit|Khan|male|1985-04-15|59.164.186.151|Firefox
2016-01-03T09:45:36.148+00:00|783|Frederick|Bomani|male|1988-03-11|41.79.68.50|Internet Explorer
2016-09-27T17:46:50.451+00:00|6597069766685|Lei|Zhang|male|1986-08-23|1.2.2.77|Firefox
2016-09-16T13:53:30.345+00:00|6597069766696|Celso|Oliveira|male|1988-09-23|192.190.31.253|Chrome
2018-01-09T01:15:17.000+00:00|21990232556440|Cristian|Diaz|female|1983-06-29|167.252.21.98|Firefox
2018-03-31T22:09:41.388+00:00|24189255811901|Asha-Rose Mtengeti|Bomani|male|1984-07-07|196.223.5.199|Opera
2016-02-28T11:39:31.713+00:00|138|Juan|Aquino|female|1982-12-22|110.92.30.65|Chrome
2016-06-24T17:18:43.122+00:00|4398046512022|Andrew|Chung|female|1985-11-04|196.45.187.97|Firefox
2018-06-21T02:02:15.403+00:00|26388279067573|Billinjer C|Nguyen|female|1986-02-22|125.214.44.183|Internet Explorer
2018-07-23T14:03:55.073+00:00|28587302322953|Lily Tembo|Dogg|male|1980-02-18|41.222.16.206|Firefox
2016-02-01T09:10:53.524+00:00|596|Mahmoud|Ali|male|1980-08-31|196.43.201.220|Chrome
2016-01-13T07:35:27.646+00:00|894|Maria|Onopka|female|1989-05-15|62.16.17.125|Chrome
2016-03-29T04:02:43.042+00:00|2199023255893|Arjun|Khan|female|1985-12-23|27.123.216.221|Firefox
2016-04-04T13:12:17.854+00:00|2199023256097|Walter|Schmidt|female|1986-10-14|31.209.185.141|Chrome
2016-07-04T21:01:40.748+00:00|4398046511371|Aburizal|Mohede|female|1985-11-02|112.78.99.172|Firefox
2017-05-11T10:36:53.645+00:00|15393162789611|Rahul|Khan|female|1988-12-09|1.6.201.95|Firefox
2017-08-22T20:50:29.232+00:00|17592186044882|Shweta|Kapoor|male|1986-01-21|61.17.26.45|Firefox
2018-02-09T03:14:59.902+00:00|24189255811126|R.|Sharma|female|1985-09-17|103.1.101.109|Internet Explorer
2018-09-05T01:03:26.184+00:00|28587302322184|Djelaludin|Zaland|male|1983-06-23|180.222.139.188|Internet Explorer
2018-08-30T00:35:35.304+00:00|28587302322687|Hao|Wang|male|1987-07-11|1.4.1.199|Internet Explorer
2016-01-02T20:13:44.626+00:00|826|Carlos|Costa|female|1988-11-26|170.66.33.52|Firefox
2016-03-26T13:10:51.572+00:00|2199023256081|Gregorio|Reyes|male|1980-10-11|61.28.131.62|Firefox
2017-06-17T17:54:11.142+00:00|15393162789582|Yang|Zhang|male|1983-10-01|1.1.7.131|Firefox
2017-08-25T14:15:02.497+00:00|17592186044707|Rahul|Khan|female|1985-10-19|60.243.51.86|Chrome
2018-04-15T03:04:10.016+00:00|24189255811423|Takeshi|Matsudaira|female|1986-04-09|14.192.39.205|Chrome
2016-01-04T16:52:07.542+00:00|939|Alejandro|Sumac|female|1989-04-27|190.113.215.24|Chrome
2016-06-23T04:56:50.005+00:00|4398046511718|Gyorgy|Elek|male|1988-03-28|89.223.178.127|Firefox
2016-12-21T12:52:48.175+00:00|10995116277775|Ge|Wei|female|1981-05-31|1.88.156.174|Internet Explorer
2017-02-26T22:07:22.487+00:00|13194139533536|A.|Prasad|female|1983-09-22|27.248.153.87|Chrome
2017-05-08T03:13:55.354+00:00|15393162789326|Alif|Qaderi|male|1981-02-22|27.116.59.8|Firefox
2018-03-13T01:25:46.633+00:00|24189255811970|Chengdong|Wu|male|1987-01-25|14.205.242.25|Internet Explorer
2016-03-16T18:26:46.550+00:00|2199023255647|Jean|Alcazar|male|1987-07-06|80.246.0.21|Internet Explorer
2016-05-21T16:19:34.036+00:00|4398046511651|Mario|Santos|male|1982-09-04|79.169.5.189|Firefox
2016-08-05T16:29:24.801+00:00|6597069767551|Cheng|Yang|male|1989-07-20|27.128.101.84|Chrome
2017-02-11T19:38:22.680+00:00|10995116277778|Neil|Murray|female|1982-09-15|41.74.150.41|Firefox
2017-01-27T14:46:36.060+00:00|10995116277827|Francisco|Reyes|female|1985-10-21|123.242.207.8|Firefox
2016-12-20T01:52:37.671+00:00|10995116278321|Hao|Chen|male|1987-07-03|14.156.63.216|Firefox
2017-02-03T08:46:56.088+00:00|10995116278347|Li|Li|female|1990-01-28|27.113.153.147|Firefox
2017-10-29T16:22:15.461+00:00|19791209299981|Mehmet|Koksal|female|1988-01-04|46.154.44.101|Firefox
2017-10-02T08:42:56.287+00:00|19791209300380|Parviz|Derderian|female|1981-04-20|46.209.250.134|Firefox
2017-11-21T05:15:31.021+00:00|19791209300932|Ashok|Reddy|male|1980-08-27|49.156.124.114|Firefox
2018-04-05T02:11:42.221+00:00|24189255811799|Augusto|Pereira|female|1989-08-24|82.102.53.174|Firefox
2016-01-18T19:11:14.363+00:00|428|Dominic|Santos|female|1988-07-10|119.63.4.20|Firefox
2018-02-19T11:57:55.705+00:00|24189255811280|Hayyim|Gillett|female|1980-06-06|46.35.73.160|Internet Explorer
2018-04-07T03:20:37.540+00:00|24189255811580|Keith|Habshush|male|1981-03-27|195.94.29.22|Internet Explorer
2018-07-18T11:44:05.396+00:00|28587302322882|Karan|Reddy|female|1988-02-05|27.123.102.124|Internet Explorer
2016-09-02T09:59:02.923+00:00|6597069767029|Gabriel|Rodriguez|female|1985-04-21|190.96.235.141|Chrome
2016-12-08T03:15:51.211+00:00|8796093022771|John|Chopra|male|1982-12-16|61.246.227.11|Firefox
2017-02-25T06:03:38.148+00:00|13194139533851|Chaim Azriel|Epstein|male|1981-08-17|80.94.167.126|Firefox
2017-09-18T15:25:57.134+00:00|17592186045035|Hans|Richter|male|1982-01-07|31.7.187.52|Internet Explorer
2017-08-11T09:36:08.749+00:00|17592186045053|Agustiar|Anwar|male|1989-05-31|103.246.1.125|Internet Explorer
2017-09-13T05:02:29.949+00:00|17592186045205|Alexei|Codreanu|male|1980-03-01|94.243.76.134|Firefox
2018-09-03T06:01:39.705+00:00|28587302322276|Nicolas|Diaz|male|1982-08-20|190.5.24.199|Chrome
2018-07-23T16:48:18.184+00:00|28587302322486|Sergio|Herrera|female|1989-06-13|148.221.140.208|Firefox
2016-06-10T12:55:17.529+00:00|4398046511571|Laura|Mendez|female|1988-08-22|148.208.54.187|Firefox
2016-06-10T03:36:16.618+00:00|4398046511730|Hideki|Suzuki|male|1980-05-31|27.127.245.192|Safari
2016-06-19T11:34:07.618+00:00|4398046511808|Faisal|Khan|male|1982-07-11|175.111.183.111|Firefox
2016-08-09T06:37:27.717+00:00|6597069767480|Marco|Agreda|female|1985-12-21|190.181.5.213|Chrome
2016-10-12T04:33:29.501+00:00|8796093022958|Adi|Cohen|female|1986-11-21|91.216.222.198|Firefox
2017-03-13T06:52:02.908+00:00|13194139533387|Yasir|Hussain|male|1982-04-13|27.96.88.228|Firefox
2017-03-05T19:22:50.884+00:00|13194139533980|Nicolas|Foucault|female|1985-05-28|46.21.127.191|Chrome
2017-07-15T01:20:33.446+00:00|17592186045075|Zdenek|Balcar|female|1980-03-21|31.42.64.28|Internet Explorer
2018-01-15T11:31:14.260+00:00|21990232555621|Hans|Becker|male|1985-08-14|31.172.9.110|Firefox
2018-02-21T10:30:07.171+00:00|24189255811387|Andre|Chihab|female|1985-11-10|41.214.181.193|Internet Explorer
2018-02-27T23:11:32.775+00:00|24189255811585|Katarina|Caveda|female|1987-11-21|213.55.106.69|Opera
2018-04-20T03:53:24.098+00:00|26388279067579|Asha-Rose Mtengeti|Chung|male|1983-07-04|196.29.48.62|Firefox
2018-07-18T10:01:22.509+00:00|28587302323076|Richard|Lawson|male|1981-07-02|49.128.4.141|Firefox
2018-07-20T08:15:05.132+00:00|28587302323086|Emperor of Brazil|Dom Pedro II|female|1989-10-01|192.160.111.235|Internet Explorer
2016-01-16T12:56:18.157+00:00|891|Chatree|Amarttayakul|male|1987-09-09|61.47.75.219|Internet Explorer
2016-03-29T13:50:50.471+00:00|2199023256274|R.|Singh|female|1985-01-13|49.202.73.216|Internet Explorer
2016-06-15T20:53:47.633+00:00|4398046511954|John|Kapoor|male|1986-05-03|61.17.229.44|Firefox
2016-07-28T05:53:22.743+00:00|4398046512000|Ching|Loan|male|1980-09-30|180.148.4.164|Internet Explorer
2016-09-23T10:48:17.041+00:00|6597069767337|Eduardo|Gutierrez|female|1984-01-23|201.220.202.190|Chrome
2017-01-02T04:45:26.445+00:00|10995116277779|Jimmy|Burak|female|1984-09-01|197.220.203.36|Firefox
2017-03-22T19:09:11.850+00:00|13194139534231|Ahmed|Akef|male|1983-03-17|41.223.20.32|Opera
2018-01-30T13:16:04.590+00:00|21990232556335|Jie|Li|male|1982-02-25|27.98.249.212|Firefox
2016-03-30T12:22:21.045+00:00|2199023256082|Angel|Melaku|male|1983-10-17|213.55.86.56|Safari
2016-06-28T06:39:04.812+00:00|4398046512098|Mehdi|Singh|female|1981-07-22|61.0.24.207|Chrome
2016-08-18T23:12:33.496+00:00|6597069766951|Stephen|Chow|male|1985-02-15|103.1.41.14|Chrome
2016-12-24T16:41:41.671+00:00|10995116277891|Kenji|Matsudaira|male|1982-03-24|1.113.8.81|Firefox
2017-05-09T00:35:53.541+00:00|15393162789861|Li|Wang|female|1983-05-11|1.80.48.97|Internet Explorer
2016-06-12T23:01:21.407+00:00|4398046511147|Rahul|Khan|female|1987-12-25|27.116.34.47|Chrome
2016-11-29T04:32:19.586+00:00|8796093022394|Rene|Buysse|female|1982-11-03|80.91.155.192|Opera
2017-08-06T22:37:08.785+00:00|17592186044427|Cheng|Wei|male|1981-05-08|27.121.123.176|Chrome
2017-09-24T10:01:37.412+00:00|19791209300111|Maria|Alkaios|female|1983-01-06|62.217.119.183|Firefox
2018-02-06T09:28:59.101+00:00|21990232556284|Emperor of Brazil|Nascimento|female|1980-09-18|192.80.209.46|Chrome
2018-01-27T03:52:23.129+00:00|21990232556383|Ilias|Fampas|female|1988-08-01|77.83.150.173|Chrome
2018-02-10T08:55:36.628+00:00|24189255811373|Jose|Santos|male|1985-09-30|150.165.53.206|Internet Explorer
2018-03-31T18:44:46.219+00:00|24189255811388|Chau|Ha|female|1980-12-12|119.17.240.201|Firefox
2016-03-22T05:50:43.493+00:00|2199023255976|Arjun|Kumar|female|1987-02-28|49.248.233.101|Internet Explorer
2017-04-23T09:06:44.278+00:00|13194139534228|Babar|Iqbal|female|1985-02-02|118.107.132.184|Internet Explorer
2017-05-29T13:32:11.247+00:00|15393162789005|Yang|Li|male|1987-06-07|1.4.4.242|Chrome
2017-07-16T11:28:08.178+00:00|17592186044897|Antonio|Alvarez|female|1985-01-02|132.247.65.175|Internet Explorer
2018-06-28T04:48:01.948+00:00|28587302322586|Juliana|Silva|male|1982-03-09|189.39.100.120|Firefox
2016-05-14T11:03:04.659+00:00|2199023255849|Ashin|Michie|female|1985-06-14|203.215.60.162|Chrome
2016-04-01T12:19:34.313+00:00|2199023256048|Richard|Miller|male|1984-07-29|24.32.195.10|Safari
2016-07-22T12:55:52.503+00:00|4398046511485|John|Sharma|male|1981-04-16|14.1.120.230|Chrome
2016-05-31T14:41:55.597+00:00|4398046511777|Sven|Persson|male|1985-11-23|31.216.138.175|Firefox
2016-10-12T03:29:35.055+00:00|8796093022635|John|Reddy|male|1983-09-27|27.48.54.109|Firefox
2017-02-09T09:47:51.221+00:00|10995116277911|Mamoon Eshaq 0|Amin|male|1989-02-08|210.80.32.56|Chrome
2016-12-20T00:27:55.379+00:00|10995116277976|Isabel|Garcia|female|1983-05-12|103.4.23.146|Firefox
2017-11-06T13:19:10.748+00:00|19791209300225|Bulent|Simsek|male|1980-12-06|46.106.8.54|Internet Explorer
2017-12-08T19:22:43.430+00:00|21990232555911|Fritz|Schulz|female|1987-05-27|31.47.245.161|Internet Explorer
2018-05-23T23:40:56.243+00:00|26388279067278|Peter|Smith|male|1983-09-26|49.127.199.245|Internet Explorer
2018-08-27T05:29:56.457+00:00|28587302322948|Ashley|Coetzee|male|1982-10-24|41.206.163.241|Firefox
2016-03-03T16:03:29.217+00:00|149|Gary|Hill|male|1983-01-09|31.12.85.157|Chrome
2016-05-16T10:32:31.618+00:00|2199023255766|Adisak|Charoenpura|female|1985-11-26|103.22.182.40|Chrome
2016-04-30T15:02:12.942+00:00|2199023256520|Lei|Liu|male|1985-06-18|1.2.1.45|Chrome
2017-01-07T14:39:46.135+00:00|10995116278348|Carey|Dogg|male|1983-07-07|197.220.212.98|Internet Explorer
2017-07-18T22:21:27.207+00:00|17592186044715|Otto|Becker|male|1989-09-23|31.211.182.228|Safari
2018-06-04T16:48:16.145+00:00|26388279067430|Alexander|Aflalo|female|1989-07-25|81.192.85.153|Chrome
2018-08-06T10:01:33.641+00:00|28587302322208|Miguel|Gonzalez|male|1981-10-18|148.204.226.31|Chrome
2016-05-19T13:47:09.122+00:00|2199023256537|A.|Reddy|female|1988-04-04|61.0.119.29|Firefox
2016-10-13T08:42:50.340+00:00|8796093022702|The|Kunda|male|1980-06-17|41.222.21.97|Firefox
2017-06-24T06:53:07.223+00:00|15393162789194|Bolat|Bajt|male|1980-03-27|91.216.189.44|Chrome
2018-04-07T09:03:19.189+00:00|24189255811934|Jurgen|Bettens|female|1985-06-05|81.246.52.46|Opera
2016-01-16T20:12:30.939+00:00|575|Wei|Wang|female|1984-04-05|27.36.213.102|Firefox
2016-02-23T04:50:55.417+00:00|757|Peng|Wang|female|1988-09-17|1.10.7.84|Firefox
2016-06-13T20:17:36.567+00:00|4398046511244|George|Jones|female|1986-09-28|31.6.73.21|Internet Explorer
2017-04-02T23:30:11.838+00:00|13194139534053|Ning|Zhang|female|1982-02-11|27.106.183.5|Internet Explorer
2017-06-24T19:09:47.159+00:00|15393162788979|Chen|Wang|female|1983-07-08|27.106.207.132|Firefox
2017-11-06T06:30:14.001+00:00|19791209300402|Zeki|Arikan|female|1982-06-14|31.176.39.127|Chrome
2018-01-27T08:44:40.413+00:00|21990232555743|Shweta|Singh|male|1987-07-29|1.186.69.247|Safari
2018-02-08T08:25:33.969+00:00|24189255811581|Fernando|Parra|male|1983-08-05|164.77.202.215|Firefox
2018-05-29T02:33:26.638+00:00|26388279067158|Georgios|Antoniou|female|1981-08-25|81.186.197.62|Firefox
2018-07-18T18:07:11.615+00:00|28587302322645|Eve-Mary Thai|Pham|male|1983-07-20|112.72.125.255|Firefox
2018-07-28T07:10:01.335+00:00|28587302322980|Paul|Anderson|female|1986-05-18|163.60.196.82|Chrome
2016-11-10T22:41:15.322+00:00|8796093023199|Lei|Zhang|male|1988-03-29|1.4.2.71|Firefox
2017-02-08T20:38:42.817+00:00|10995116278637|Robert|Smith|male|1985-02-20|24.56.199.173|Internet Explorer
2017-02-28T05:38:36.469+00:00|13194139533678|Abdul-Malik|Binalshibh|male|1982-03-23|195.94.7.109|Internet Explorer
2017-11-27T10:19:24.685+00:00|19791209300752|Anatoly|Kogan|female|1986-12-18|46.149.102.106|Chrome
2018-02-14T04:30:44.863+00:00|24189255811244|Bruno|Oliveira|male|1980-12-02|155.211.199.197|Firefox
2018-08-20T09:17:43.600+00:00|28587302322810|David|Agudelo|female|1985-09-01|190.13.109.162|Firefox
2016-09-03T11:22:47.902+00:00|6597069767264|Steve|Williams|female|1986-04-14|204.79.231.141|Firefox
2018-08-23T03:03:36.676+00:00|28587302322800|John|Kumar|male|1980-06-01|49.39.122.8|Internet Explorer
2016-06-16T23:29:16.178+00:00|4398046511448|Leonid|Makarova|male|1981-12-15|31.171.192.220|Safari
2017-03-30T23:03:23.096+00:00|13194139534255|Victor|Antonescu|female|1981-11-06|46.62.239.146|Chrome
2017-08-16T03:57:08.819+00:00|17592186044851|Hao|Chen|male|1988-09-20|27.54.75.46|Firefox
2017-10-09T19:14:04.682+00:00|19791209300766|Zhang|Li|male|1981-03-28|14.102.158.105|Firefox
2018-02-13T07:03:30.104+00:00|24189255811828|Aad De|Bos|female|1989-10-01|46.227.232.222|Firefox
2016-01-02T21:36:00.090+00:00|691|Sanjay|Bose|male|1989-08-15|103.1.103.91|Opera
2016-04-26T17:00:13.719+00:00|2199023256023|Zoran|Aralica|female|1989-11-03|195.29.129.109|Firefox
2016-09-01T02:11:05.262+00:00|6597069766916|Dieu Hoa|Nguyen|female|1982-11-14|103.2.229.77|Internet Explorer
2017-01-09T09:33:47.794+00:00|10995116278372|Ashok|Khan|male|1985-03-21|61.17.61.136|Safari
2017-03-14T08:39:55.770+00:00|13194139534277|Carlos|Fernandez|male|1985-02-13|196.3.152.54|Internet Explorer
2017-07-25T21:41:34.142+00:00|17592186044416|John|Khan|male|1985-03-27|27.4.90.237|Internet Explorer
2018-04-03T17:56:12.647+00:00|24189255811592|Abraham Jacob van der|Berg|male|1983-05-11|46.19.34.91|Firefox
2018-03-05T23:23:36.692+00:00|24189255811720|Aki|Yamada|male|1989-07-04|27.131.22.53|Firefox
2018-07-21T09:01:34.317+00:00|28587302322962|David|Kerndlova|male|1985-12-08|31.40.92.56|Chrome
2016-01-30T14:23:23.459+00:00|254|Ana|Oliveira|female|1983-10-22|146.164.33.143|Chrome
2017-02-10T18:03:25.605+00:00|10995116278260|Tom|Allen|male|1983-04-04|24.29.201.137|Chrome
2018-04-10T09:24:39.192+00:00|24189255811973|Carlos|Silva|female|1988-06-09|177.28.250.178|Firefox
2018-04-01T02:31:17.480+00:00|24189255812013|Aryo|Tobing|female|1980-12-18|49.0.0.124|Firefox
2018-08-07T00:38:09.827+00:00|28587302322770|Ahmed|Chihab|female|1983-10-01|41.92.32.216|Chrome
2016-04-07T00:26:57.165+00:00|2199023255913|Anh|Nguyen|male|1980-11-20|117.6.98.6|Internet Explorer
2016-07-12T10:53:14.626+00:00|4398046511232|Aditya|Khan|female|1982-03-16|60.254.117.93|Chrome
2017-01-09T00:37:01.505+00:00|10995116278542|George|Brown|female|1981-01-02|9.244.66.6|Firefox
2017-06-09T10:24:16.988+00:00|15393162789430|Samuel|Haarhoff|male|1980-05-16|196.46.127.131|Internet Explorer
2017-11-11T01:11:56.605+00:00|19791209300365|Jacques|Abdeslam|male|1986-03-11|41.108.98.38|Internet Explorer
2016-06-05T23:38:18.583+00:00|4398046511526|Jun|Kato|female|1986-08-14|27.111.77.194|Internet Explorer
2017-02-05T03:46:15.815+00:00|10995116278632|Haile|Caveda|female|1987-04-17|213.55.125.66|Firefox
2017-03-30T10:00:42.007+00:00|13194139533605|Alexander|Popov|male|1985-10-02|31.130.123.9|Chrome
2018-03-12T14:54:06.609+00:00|24189255811226|Stefan|David|female|1981-12-31|86.35.179.86|Firefox
2016-09-13T15:04:51.319+00:00|6597069767299|Zheng|Zhang|female|1989-06-30|27.99.232.171|Internet Explorer
2016-08-24T02:29:56.348+00:00|6597069767493|Arun|Kumar|female|1986-01-04|27.118.62.156|Internet Explorer
2017-10-31T09:10:32.986+00:00|19791209300522|George|Ibrahim|female|1989-12-01|41.57.22.217|Firefox
2017-11-24T03:32:55.414+00:00|19791209300540|Takashi|Suzuki|female|1987-04-06|1.74.38.36|Chrome
2018-05-18T09:18:02.494+00:00|26388279067391|Abdessamad|Vanunu|male|1985-10-19|193.194.3.49|Internet Explorer
2018-09-01T06:21:43.837+00:00|28587302322231|Luis|Alonso|male|1982-12-25|196.3.152.116|Internet Explorer
2018-09-10T00:00:21.061+00:00|30786325578413|Nicolae|Antonescu|female|1988-08-19|46.151.35.77|Chrome
2016-05-15T11:46:00.757+00:00|2199023256393|K.|Irani|female|1987-01-26|61.95.242.212|Chrome
2016-12-08T03:23:07.180+00:00|8796093022588|Dmytro|Eduard|male|1990-01-20|46.160.92.104|Internet Explorer
2017-05-25T02:13:50.040+00:00|15393162789175|Henri|David|male|1986-01-19|46.238.188.132|Firefox
2017-06-05T10:27:27.787+00:00|15393162789838|Heinz|Frank|male|1988-10-03|46.22.43.77|Firefox
2017-11-08T21:55:02.315+00:00|19791209300687|Juan|Cejas|female|1983-12-16|190.0.121.141|Chrome
2018-01-25T19:37:22.518+00:00|21990232555527|Jun|Li|female|1987-10-07|1.29.220.142|Chrome
2018-06-15T06:56:08.617+00:00|26388279066766|Rahul|Khan|female|1981-04-03|14.102.181.248|Chrome
2016-01-09T08:52:04.022+00:00|231|Amjad Islam|Ahsan|male|1988-02-10|139.190.192.142|Chrome
2016-11-17T09:45:34.459+00:00|8796093022907|Ivan|Avsenik|male|1985-02-16|91.213.80.227|Firefox
2017-02-28T03:44:55.035+00:00|13194139533839|Carlos|Cejas|male|1984-05-20|186.182.36.139|Firefox
2017-06-20T12:11:40.161+00:00|15393162789030|Chaim Azriel|Hleb|male|1985-11-01|178.238.2.172|Firefox
2017-05-04T16:23:03.617+00:00|15393162789463|Gheorghe|Popescu|female|1980-02-06|78.96.224.20|Internet Explorer
2017-11-23T04:26:16.387+00:00|19791209300646|Boy|Gonzales|male|1984-07-27|117.58.204.40|Firefox
2018-03-28T18:01:36.364+00:00|24189255811123|Oleg|Bazayev|female|1989-10-13|85.159.30.82|Chrome
2018-05-10T10:48:37.263+00:00|26388279066782|Javed|Khan|male|1986-08-11|42.83.84.215|Chrome
2018-06-28T01:47:50.956+00:00|28587302322964|Howard|Ha|male|1988-11-08|183.90.167.75|Safari
2016-07-13T01:09:39.975+00:00|4398046511331|Jun|Chen|female|1981-04-07|1.207.98.196|Chrome
2018-03-13T14:32:28.791+00:00|24189255811975|Paul|Williams|female|1984-08-18|3.239.199.18|Firefox
2016-11-07T03:07:34.184+00:00|8796093022543|Johan|Lindberg|male|1980-02-08|77.80.157.239|Firefox
2017-03-02T12:24:54.750+00:00|13194139534114|Mikhail|Popov|male|1988-04-25|31.40.10.147|Chrome
2017-08-08T14:19:30.613+00:00|17592186045008|Ammar|Boughedir|male|1980-10-18|193.95.78.15|Firefox
2017-07-23T07:55:29.069+00:00|17592186045160|Sergio|Deburgh|female|1986-12-24|186.138.64.197|Internet Explorer
2017-12-28T05:16:31.056+00:00|21990232555567|Tissa|Perera|male|1983-06-09|103.1.176.97|Safari
2018-05-27T13:27:58.762+00:00|26388279066812|Otto|Becker|male|1989-03-10|31.13.168.249|Internet Explorer
2018-06-11T23:05:49.709+00:00|26388279066966|Sergio|Suarez|male|1982-12-01|62.13.249.248|Firefox
2018-07-20T15:05:07.041+00:00|28587302322389|Renato|Silva|female|1981-08-17|200.0.67.112|Firefox
2018-07-04T06:24:29.078+00:00|28587302322885|Cesar|Sotto|male|1989-04-10|112.207.200.181|Chrome
2018-08-25T12:09:08.226+00:00|28587302323031|Kenji|Abe|male|1984-12-24|14.1.6.61|Firefox
2018-09-12T19:40:22.243+00:00|30786325578229|Lena|Nilsson|male|1981-01-22|31.208.121.27|Firefox
2016-02-18T21:56:53.629+00:00|26|Rahul|Sharma|female|1985-12-13|49.50.77.195|Firefox
2016-01-19T02:57:41.872+00:00|711|Bich Phuong|Nguyen|male|1982-12-25|125.214.56.62|Chrome
2016-03-14T05:55:42.699+00:00|2199023255940|John|Rao|male|1985-10-15|27.100.15.152|Internet Explorer
2016-04-01T15:17:36.306+00:00|2199023256214|Asher|Bahaina|female|1983-08-31|213.55.73.33|Internet Explorer
2016-09-15T10:07:56.338+00:00|6597069766882|Chau|Ha|female|1987-03-10|49.213.90.77|Chrome
2016-08-23T17:39:39.652+00:00|6597069767269|Eduardo|Alvarez|male|1983-03-05|168.255.0.230|Chrome
2016-10-18T17:17:21.037+00:00|8796093022743|John|Brown|male|1984-02-15|31.210.134.226|Internet Explorer
2016-11-18T00:29:39.097+00:00|8796093022921|Peter|Cooper|male|1983-02-15|31.24.86.214|Internet Explorer
2017-02-15T03:13:07.646+00:00|10995116278375|Jie|Xu|male|1982-06-25|14.205.89.34|Firefox
2018-02-05T09:56:15.873+00:00|21990232556458|A.|Singh|female|1981-11-02|49.236.58.30|Firefox
2018-04-03T07:39:58.918+00:00|24189255811655|Bingbing|Zhang|female|1986-02-27|1.0.53.226|Firefox
2018-07-03T22:32:15.994+00:00|28587302322785|Shweta|Sharma|male|1987-05-27|27.255.209.56|Chrome
2016-02-06T22:05:02.411+00:00|799|Ai|Liu|male|1980-11-04|27.98.227.91|Chrome
2016-08-14T18:27:19.684+00:00|6597069766907|Ion|Bologan|female|1983-12-22|91.198.217.1|Chrome
2016-08-27T06:53:25.002+00:00|6597069767520|Vladimir|Foxx|female|1987-05-24|62.78.93.192|Chrome
2017-05-17T05:29:46.218+00:00|15393162789607|Jean-Pierre|David|male|1981-09-22|31.222.195.59|Firefox
2017-08-24T02:34:10.673+00:00|17592186044692|Nicolas|Blanc|female|1989-07-15|46.19.125.92|Firefox
2017-11-29T22:46:28.337+00:00|19791209300049|Adrian|Bravo|female|1984-05-04|189.217.209.55|Internet Explorer
2017-12-11T00:02:09.550+00:00|21990232555581|David|Kurková|male|1981-08-17|31.207.53.29|Firefox
2016-05-08T10:25:42.576+00:00|2199023256040|Antonio|Garcia|female|1980-11-13|132.247.44.8|Internet Explorer
2016-10-14T12:41:35.994+00:00|8796093022874|Abdul Hameed|Sheikh|male|1984-01-25|58.181.98.234|Firefox
2017-01-04T23:54:56.840+00:00|10995116278198|Ernest B|Law-Yone|female|1989-04-24|203.215.63.191|Firefox
2017-02-17T03:27:07.181+00:00|10995116278277|Albert|Chan|female|1984-09-04|36.37.35.140|Internet Explorer
2017-02-03T14:49:49.030+00:00|10995116278752|Ayesha|Iqbal|male|1989-03-17|175.111.181.120|Firefox
2017-05-10T13:07:16.866+00:00|15393162788868|Bryn|Davies|male|1985-07-03|31.170.121.115|Internet Explorer
2017-11-17T21:20:10.501+00:00|19791209300925|Stanimir|Ivanov|female|1980-03-14|84.54.139.46|Opera
2018-01-09T01:09:58.042+00:00|21990232556138|Deepa|Sharma|male|1981-10-04|58.68.16.229|Firefox
2018-04-29T19:30:39.694+00:00|26388279066865|Kurt|Becker|female|1987-07-13|31.170.111.118|Firefox
2018-06-11T21:28:05.920+00:00|26388279066877|Fritz|Muller|female|1988-12-01|31.209.191.168|Firefox
2018-04-21T13:21:43.473+00:00|26388279067473|Eugene Moke|Motsuri|male|1985-11-03|41.75.71.37|Firefox
2018-08-08T00:16:59.148+00:00|28587302322313|Eduardo|Gonzalez|male|1981-04-28|186.10.61.96|Firefox
2016-12-09T05:36:40.427+00:00|8796093022428|Michel|Rothschild|male|1984-06-28|46.21.128.31|Internet Explorer
2017-02-17T11:33:23.747+00:00|10995116278100|Vinod|Singh|male|1989-01-09|27.118.38.121|Internet Explorer
2017-08-04T03:19:20.657+00:00|17592186044710|Ashok|Singh|male|1981-09-20|103.1.112.205|Internet Explorer
2017-08-06T03:18:50.274+00:00|17592186045148|Piers|Eri|female|1984-06-06|14.192.73.106|Internet Explorer
2018-01-04T23:24:14.307+00:00|21990232555530|Wolfgang|Bauer|male|1989-11-20|46.21.0.249|Internet Explorer
2018-01-06T12:53:16.379+00:00|21990232556273|Fernando|Gonzalez|male|1985-03-25|148.240.21.73|Internet Explorer
2018-05-12T07:32:58.636+00:00|26388279067192|Edwin|Akbar|male|1987-12-23|103.4.108.190|Firefox
2016-06-29T11:41:17.355+00:00|4398046512013|Karl|Frank|female|1986-08-17|31.220.4.255|Chrome
2017-09-24T16:47:32.211+00:00|19791209300067|Chen|Zhu|female|1980-10-02|27.144.128.121|Chrome
2017-12-25T09:13:23.165+00:00|21990232556495|Djelaludin|Jahani|male|1982-07-08|117.55.203.16|Internet Explorer
2018-03-27T18:50:02.610+00:00|24189255811242|Ana Paula|Silva|female|1982-06-24|192.190.30.137|Firefox
2018-06-05T08:43:34.570+00:00|26388279066647|John|Johnson|male|1989-06-08|24.38.139.231|Firefox
2018-04-24T17:23:42.603+00:00|26388279067553|Jorge|Gonzalez|female|1986-02-15|186.119.138.144|Chrome
2018-04-19T10:01:32.718+00:00|26388279067584|Ivan|Dobrunov|female|1988-04-30|31.15.21.64|Firefox
2016-01-11T22:56:22.746+00:00|205|Jie|Wei|male|1989-05-02|1.2.2.59|Chrome
2016-04-06T01:54:09.972+00:00|2199023255906|David|Taylor|female|1980-12-09|49.236.243.59|Chrome
2016-09-21T08:38:26.980+00:00|6597069767046|Alfred|Berg|male|1987-04-13|199.7.70.33|Firefox
2016-10-19T17:40:39.416+00:00|8796093022580|Grigore|Bologan|female|1988-12-24|109.185.57.61|Internet Explorer
2017-01-25T17:48:56.282+00:00|10995116278244|Roberto|Enriquez|male|1981-03-23|190.13.143.250|Opera
2017-04-30T17:12:52.996+00:00|13194139533437|Neil|Coetzee|female|1982-11-06|41.76.183.30|Opera
2017-03-06T06:49:18.612+00:00|13194139533510|Eddie|Aquino|female|1987-03-27|124.6.150.144|Firefox
2017-12-17T21:04:58.067+00:00|21990232556492|Lev|Kuzmina|female|1983-10-16|31.41.229.89|Internet Explorer
2018-08-11T11:50:56.011+00:00|28587302322240|Jorge|Araujo Castro|female|1980-12-21|190.84.38.194|Opera
2018-07-12T22:07:34.348+00:00|28587302322941|Zhang|Zhu|male|1982-04-25|27.115.88.214|Chrome
2016-02-29T14:07:07.517+00:00|754|Shweta|Khan|male|1980-09-25|14.1.111.213|Internet Explorer
2016-02-06T00:48:48.034+00:00|897|Lei|Zhu|male|1986-09-01|1.10.11.96|Internet Explorer
2016-07-24T22:05:24.782+00:00|4398046511984|Babar|Hussain|female|1981-10-24|58.65.131.64|Chrome
2016-10-08T04:45:29.161+00:00|8796093022284|Jae-Jin|Park|male|1989-04-10|27.35.111.48|Chrome
2017-06-29T07:50:36.033+00:00|15393162789822|John|Kumar|male|1982-10-14|61.11.77.50|Firefox
2018-01-11T03:44:09.442+00:00|21990232556203|Marcelo|Oliveira|male|1985-11-01|192.111.229.219|Chrome
2018-04-19T07:45:29.444+00:00|26388279067100|Bing|Liu|male|1988-03-09|1.51.63.157|Internet Explorer
2016-03-28T08:39:15.227+00:00|2199023256038|Madhav|Koirala|male|1983-11-02|202.45.147.76|Chrome
2017-01-29T05:57:58.538+00:00|10995116278351|Chris|Hall|male|1989-02-12|61.4.67.186|Firefox
2017-01-01T14:18:44.072+00:00|10995116278755|Lei|Chen|male|1986-03-15|1.1.4.14|Internet Explorer
2017-11-06T15:15:57.044+00:00|19791209300431|Guy|Akongo|female|1981-08-18|41.205.31.218|Internet Explorer
2018-02-18T07:58:09.805+00:00|24189255811885|Mirza Kalich|Ahmed|male|1983-03-23|110.34.34.139|Chrome
2016-04-18T14:56:55.357+00:00|2199023255648|Anson|Chen|female|1981-12-25|1.83.28.23|Chrome
2016-07-01T15:06:54.622+00:00|4398046511261|Jun|Chen|female|1983-05-04|1.2.7.208|Chrome
2017-01-15T13:58:15.836+00:00|10995116278136|A.|Rao|female|1983-08-30|61.247.224.226|Chrome
2017-09-09T07:54:35.010+00:00|17592186045333|Rainford|Tembo|female|1986-07-20|41.222.242.157|Firefox
2018-05-23T12:58:18.546+00:00|26388279066871|Andrius|Dukauskaite|female|1987-02-05|84.46.205.100|Safari
2016-02-17T22:07:14.707+00:00|932|Carlos|Souza|female|1983-03-21|192.153.120.210|Chrome
2016-03-28T12:40:08.162+00:00|2199023255961|Arun|Sharma|female|1989-07-21|49.128.109.166|Firefox
2016-06-22T21:37:15.344+00:00|4398046511974|Dionysis|Karvelas|male|1987-05-23|91.216.206.97|Firefox
2016-10-30T18:03:18.360+00:00|8796093022810|Dale|Garcia|female|1985-08-26|124.217.53.142|Firefox
2016-12-16T13:27:31.685+00:00|10995116278567|Paul|Brown|female|1985-01-16|24.42.145.163|Firefox
2017-03-12T15:26:36.754+00:00|13194139533499|A.|Gallagher|female|1988-01-19|101.0.5.158|Firefox
2017-03-20T16:13:39.971+00:00|13194139533731|Fritz|Hoffmann|female|1985-12-25|31.47.237.79|Chrome
2017-12-11T03:30:37.463+00:00|21990232556136|Muhammad|Ali|female|1988-02-18|115.186.128.93|Internet Explorer
2016-03-29T11:07:03.669+00:00|2199023256370|Lin|Li|male|1981-11-11|27.14.86.63|Firefox
2016-08-17T13:30:18.677+00:00|6597069766729|Cheng|Chen|male|1981-12-07|27.115.85.233|Internet Explorer
2017-01-26T05:14:33.720+00:00|10995116277858|A.|Sen|female|1989-06-10|61.0.61.179|Internet Explorer
2017-02-20T23:09:46.353+00:00|10995116278034|Roberto|Alvarez|female|1981-04-03|189.223.185.136|Firefox
2017-02-10T05:55:34.757+00:00|10995116278509|Alexandr|Iglinsky|female|1984-08-13|109.238.167.21|Chrome
2017-05-20T15:39:14.429+00:00|15393162789160|Zaenal|Gallagher|male|1987-10-30|111.68.113.46|Firefox
2017-05-29T10:26:04.477+00:00|15393162789465|Arun|Kumar|female|1982-06-10|14.1.99.46|Chrome
2017-09-14T01:12:28.794+00:00|17592186045152|Claude|Tsiranana|female|1982-01-13|41.63.133.29|Chrome
2017-07-18T14:08:56.569+00:00|17592186045247|A.|Singh|female|1985-05-27|49.128.111.196|Firefox
2018-03-18T00:14:49.497+00:00|24189255811570|K.|Kumar|female|1987-10-26|1.187.82.0|Chrome
2018-07-13T21:17:39.970+00:00|28587302322497|Peng|Liu|female|1988-08-02|1.1.0.134|Internet Explorer
2018-07-09T15:06:01.344+00:00|28587302322843|Jonas|Bergman|male|1982-12-21|2.253.101.32|Internet Explorer
2017-04-27T23:46:36.961+00:00|13194139533742|John|Brown|male|1988-09-23|24.39.59.109|Safari
2017-06-18T07:06:44.485+00:00|15393162788866|Abdul Haris|Tobing|female|1989-12-12|58.145.168.54|Chrome
2018-07-28T22:50:07.078+00:00|28587302322238|Shlomo|Sabahat|male|1981-02-01|213.55.112.229|Firefox
2018-09-03T07:26:57.953+00:00|28587302322422|Brian|Wilson|female|1984-05-25|64.7.132.40|Firefox
2017-07-24T20:33:46.127+00:00|17592186044994|Jie|Wang|male|1986-04-05|27.98.219.38|Internet Explorer
2017-11-19T09:32:13.721+00:00|19791209300919|Chris|du Preez|female|1984-02-28|196.53.158.88|Chrome
2017-12-05T17:07:50.121+00:00|21990232555833|Alexander|Popov|male|1981-05-18|31.172.130.221|Firefox
2018-01-24T08:44:50.609+00:00|21990232555865|David|Herzigová|male|1985-03-17|31.222.0.232|Internet Explorer
2018-06-05T00:28:14.859+00:00|26388279067276|Hsin|Chiang|male|1986-04-05|60.248.91.110|Firefox
2018-08-04T08:32:36.474+00:00|28587302322762|Salim Ahmed|Binalshibh|female|1987-03-30|109.200.162.181|Internet Explorer
2016-06-21T18:52:43.414+00:00|4398046511243|Odile|Gertze|female|1984-05-28|41.219.83.244|Internet Explorer
2016-08-30T17:30:08.072+00:00|6597069767105|Jose|Garcia|female|1980-06-16|27.106.218.141|Chrome
2018-04-15T06:06:53.914+00:00|24189255811464|Joseph|Bose|male|1982-01-03|49.128.110.149|Opera
2018-04-24T18:53:13.603+00:00|26388279066710|Alejandro|Rodriguez|male|1982-12-25|148.235.131.43|Chrome
2016-02-25T03:44:49.645+00:00|770|Shweta|Sharma|male|1986-05-25|61.17.228.70|Safari
2016-08-11T07:59:03.706+00:00|6597069767295|Jae-Jin|Han|male|1988-09-01|39.124.83.2|Firefox
2016-11-14T17:40:55.754+00:00|8796093022551|Wei|Li|female|1983-09-26|1.10.9.186|Firefox
2017-06-10T09:55:49.482+00:00|15393162789731|P.|Perera|male|1987-10-11|124.6.255.10|Internet Explorer
2017-08-30T03:42:50.555+00:00|17592186044837|Augusto|Rodriguez|female|1983-08-02|200.31.150.231|Firefox
2017-12-22T22:51:38.816+00:00|21990232555789|Ahmad Rafiq|Irama|male|1984-01-09|58.145.168.50|Firefox
2016-03-06T14:47:38.586+00:00|642|Wilhelm|Muller|male|1983-10-11|31.12.54.198|Chrome
2016-08-10T06:22:42.502+00:00|6597069766686|Joakim|Larsson|female|1980-04-23|31.209.42.207|Internet Explorer
2016-09-01T22:57:27.434+00:00|6597069766824|Iraj|Karimi|male|1982-10-05|31.193.117.11|Chrome
2016-09-24T10:40:15.828+00:00|6597069766841|Carlos|Abascal|male|1983-12-21|148.244.45.21|Chrome
2017-02-13T13:19:25.278+00:00|10995116278659|Levy Patrick|Latham|male|1989-08-03|41.75.247.144|Firefox
2017-05-12T05:59:43.225+00:00|15393162789357|Bangguo|Hu|female|1985-08-01|27.105.50.3|Firefox
2017-12-27T01:27:11.059+00:00|21990232556401|Aykut|Koksal|male|1983-09-22|85.29.33.192|Firefox
2018-03-25T19:25:01.400+00:00|24189255811875|A.|Chopra|female|1988-01-07|14.141.209.244|Internet Explorer
2017-03-18T22:59:37.218+00:00|13194139533540|Asher|Mamo|female|1986-08-10|213.55.93.153|Chrome
2017-05-24T10:26:39.036+00:00|15393162789567|Jun|Li|female|1984-04-22|27.29.124.155|Safari
2017-05-09T00:42:39.684+00:00|15393162789665|Richard|Robinson|female|1980-07-04|204.79.160.6|Internet Explorer
2017-09-07T13:50:55.092+00:00|17592186045375|Seung-Hoon|Kim|male|1985-06-06|27.115.162.225|Firefox
2018-02-24T17:15:40.177+00:00|24189255811717|Ron|Anderson|male|1989-03-19|49.156.18.229|Internet Explorer
2018-03-04T19:30:10.274+00:00|24189255811932|A.|Singh|female|1986-08-21|1.23.139.47|Firefox
2018-02-11T04:58:45.035+00:00|24189255811938|Li|Li|female|1986-01-05|1.4.4.60|Firefox
2018-05-07T00:15:57.169+00:00|26388279067191|Chau|Nguyen|female|1988-04-11|115.165.164.99|Internet Explorer
2016-03-24T21:51:01.939+00:00|2199023256125|Choi|Choi|female|1986-02-10|27.117.34.20|Internet Explorer
2016-10-03T20:02:10.903+00:00|6597069766960|K.|Singh|female|1981-10-26|49.236.40.147|Chrome
2016-08-23T04:42:27.110+00:00|6597069767251|Mario|Alonso|female|1987-05-23|200.13.145.52|Chrome
2018-03-27T12:48:26.056+00:00|24189255811977|John|Sharma|male|1988-08-04|59.185.46.231|Firefox
2018-05-10T05:57:19.681+00:00|26388279067096|John|Singh|male|1989-08-25|49.143.252.59|Firefox
2016-01-19T13:51:10.863+00:00|21|Arbaaz|Ali|female|1987-02-10|115.186.113.189|Safari
2017-06-26T00:25:26.191+00:00|15393162789576|Cam|Ho|female|1988-10-20|113.23.3.41|Opera
2017-08-02T12:14:12.762+00:00|17592186045065|Emperor of Brazil|Souza|female|1980-09-29|192.231.118.234|Firefox
2018-01-01T00:57:04.410+00:00|21990232556435|John|Ahmad|female|1982-04-08|202.142.154.222|Internet Explorer
2018-01-24T22:17:45.977+00:00|21990232556500|Isabel|Fernandez|female|1989-12-26|112.109.0.199|Internet Explorer
2018-05-21T13:32:24.389+00:00|26388279066962|Abdul Haris|Anwar|female|1987-10-07|103.10.105.213|Firefox
2018-06-16T21:01:11.220+00:00|26388279067252|Abdul Haris|Anwar|female|1981-11-13|49.236.217.106|Firefox
2018-05-30T10:31:58.894+00:00|26388279067433|Walter|Becker|female|1986-09-20|31.210.17.48|Chrome
2016-01-17T12:49:53.860+00:00|337|Alfred|Mulder|male|1984-07-07|46.19.35.182|Firefox
2016-09-23T19:15:50.618+00:00|6597069766878|Ahmed|Hussain|female|1981-01-20|110.93.238.10|Chrome
2016-08-11T03:13:48.302+00:00|6597069766881|Wojciech|Kowalski|male|1981-09-24|46.227.104.59|Chrome
2016-08-04T10:18:41.218+00:00|6597069767494|Anh|Pham|male|1981-09-29|119.17.229.134|Firefox
2016-09-12T07:49:28.284+00:00|6597069767577|Ida|Kawawa|female|1983-06-19|41.73.203.106|Firefox
2016-11-27T09:15:13.393+00:00|8796093023197|Wei|Li|female|1988-08-06|27.50.158.196|Firefox
2017-09-14T18:05:13.864+00:00|17592186045167|Michael|Zhang|male|1989-04-13|1.2.1.48|Firefox
2017-10-16T01:12:29.003+00:00|19791209300139|John|Reddy|male|1982-04-08|27.116.50.207|Firefox
2018-04-20T12:26:24.450+00:00|26388279067217|Otto|Muller|male|1988-10-28|204.79.148.6|Firefox
2018-09-11T17:54:56.858+00:00|30786325578175|Aamer|Qureshi|male|1989-05-24|202.165.234.37|Firefox
2016-05-02T20:36:03.878+00:00|2199023256550|Carlos|Abarca|male|1984-03-22|186.36.33.16|Firefox
2016-07-02T12:06:47.605+00:00|4398046511623|Naresh|Kumar|male|1984-10-11|27.116.34.143|Chrome
2016-06-30T20:44:24.767+00:00|4398046511882|Jean-Pierre|Kanam|female|1985-10-28|41.76.136.152|Internet Explorer
2016-06-03T14:56:55.118+00:00|4398046512054|Jan|Carr|male|1988-10-20|41.66.71.197|Chrome
2017-01-16T16:53:22.918+00:00|10995116277936|Luigi|Bonomi|male|1984-06-07|31.27.162.71|Chrome
2017-06-26T10:11:55.894+00:00|15393162789328|Alejandro|Castillo|female|1984-05-16|200.11.32.214|Firefox
2017-09-09T20:31:07.926+00:00|17592186044812|Chengdong|Xu|male|1982-08-21|1.2.1.26|Chrome
2017-10-25T23:40:44.957+00:00|19791209300880|Abraham|Nariman|male|1982-11-29|203.81.90.85|Firefox
2016-03-03T15:00:34.219+00:00|791|Bona Pinder Yayumayalolo|Collinet|male|1986-07-23|41.191.102.23|Firefox
2016-03-14T19:00:37.858+00:00|2199023256156|Jun|Xu|female|1980-10-09|27.98.216.57|Chrome
2017-02-06T13:38:22.485+00:00|10995116277890|Miguel|Rodriguez|male|1988-01-08|148.220.68.17|Firefox
2017-03-05T02:20:33.006+00:00|13194139534075|Donald|Munro|female|1988-03-11|203.81.73.46|Firefox
2017-06-16T05:00:28.870+00:00|15393162789251|Jorge|Rodriguez|female|1989-06-25|190.121.131.150|Internet Explorer
2017-06-05T00:02:05.690+00:00|15393162789566|Alfonso|Rodriguez|female|1985-02-05|187.161.5.28|Firefox
2017-08-29T16:52:08.598+00:00|17592186044566|Alfonso|Alvarez|female|1983-01-01|148.240.94.143|Firefox
2017-08-20T17:56:19.016+00:00|17592186044866|Billinjer C|Nguyen|female|1987-12-03|103.10.88.37|Firefox
2017-08-09T02:12:01.927+00:00|17592186045047|Hans|Berg|female|1986-11-12|46.194.107.52|Firefox
2017-07-18T11:49:24.380+00:00|17592186045085|Abdul Rashid|Wong|male|1986-05-03|60.52.24.226|Firefox
2017-08-31T12:59:29.640+00:00|17592186045174|Kunal|Kapoor|male|1988-02-05|27.100.15.53|Chrome
2017-09-29T05:11:50.835+00:00|19791209300542|Frank|Jones|male|1984-08-04|14.137.131.208|Internet Explorer
2018-01-06T08:10:01.762+00:00|21990232555583|Fritz|Engel|female|1987-02-02|46.17.104.27|Firefox
2018-01-19T16:20:42.123+00:00|21990232555726|Anıl|Arikan|female|1986-01-16|31.207.81.222|Firefox
2017-12-13T20:32:37.936+00:00|21990232555756|Angel|Alonso|male|1984-09-16|66.60.40.225|Chrome
2018-05-10T15:16:36.307+00:00|26388279066777|Abdala|Ndiaye|female|1980-12-13|196.1.98.252|Firefox
2018-07-24T03:26:27.575+00:00|28587302323082|Marguerite|Tsiranana|male|1982-04-17|41.217.197.217|Firefox
2016-07-26T17:38:35.264+00:00|4398046511630|Wei|Liu|female|1987-11-26|1.202.49.184|Firefox
2017-08-21T22:56:22.209+00:00|17592186045147|Albert Camille|Zubir|female|1989-01-31|41.217.198.125|Firefox
2017-12-09T19:27:50.519+00:00|21990232555548|Hans|Johansson|female|1982-05-28|31.209.179.5|Firefox
2018-08-24T08:59:18.194+00:00|28587302322303|Akira|Yamamoto|female|1988-10-07|27.0.1.207|Chrome
2016-01-22T03:18:34.139+00:00|514|Mohamed|Ben Dhifallah|female|1982-03-06|197.18.89.155|Internet Explorer
2016-06-04T09:51:36.196+00:00|4398046511142|Alfonso|Rodriguez|female|1984-05-11|192.100.158.95|Internet Explorer
2016-09-06T06:12:57.002+00:00|6597069766825|A.|Kapoor|female|1989-10-02|27.251.235.0|Chrome
2017-05-03T00:10:05.046+00:00|13194139533983|Jan|Cauvin|female|1988-01-09|46.31.89.175|Opera
2017-11-18T08:39:49.275+00:00|19791209300788|Bruno|Oliveira|male|1980-08-17|192.160.188.112|Internet Explorer
2017-12-05T11:53:52.109+00:00|21990232555711|Kelvin|Garcia|female|1981-09-04|112.199.79.128|Opera
2018-08-19T01:49:58.220+00:00|28587302323175|Aisso|Gerima|female|1981-08-18|213.55.122.73|Firefox
2018-09-08T05:42:48.252+00:00|30786325578415|Deepak|Singh|male|1989-12-27|27.107.98.9|Firefox
